Keyword,URL,Domain,Title
download film > terbaru,http://179.43.163.54/,179.43.163.54,Is It Down Right Now - 404 Not Found
download film > terbaru,http://179.43.163.54/1000-film-terbaik-sepanjang-masa/,179.43.163.54,Is It Down Right Now - 404 Not Found
download film > terbaru,http://179.43.163.54/country/indonesia/,179.43.163.54,Is It Down Right Now - 404 Not Found
download film > terbaru,http://179.43.163.54/privacy/,179.43.163.54,Is It Down Right Now - 404 Not Found
download film > terbaru,http://109.123.251.95/,109.123.251.95,Is It Down Right Now - 404 Not Found
download film > terbaru,http://109.123.251.95/film-action-terbaru/,109.123.251.95,Is It Down Right Now - 404 Not Found
download film > terbaru,http://109.123.251.95/film-malaysia-terbaru/,109.123.251.95,Is It Down Right Now - 404 Not Found
download film > terbaru,http://109.123.251.95/film-horror-terbaru-2017/,109.123.251.95,Is It Down Right Now - 404 Not Found
download film > terbaru,http://45.84.138.167/tag/download-film-indonesia/,45.84.138.167,Is It Down Right Now - 404 Not Found
download film > terbaru,http://109.123.251.95/download-film-gratis/,109.123.251.95,Is It Down Right Now - 404 Not Found
download film > 2024,https://poskota.co.id/2024/01/16/gunakan-xnxubd-vpn-browser-untuk-download-video-film-viral-2024-ikuti-langkah-mudahnya-di-sini,poskota.co.id,Poskota.co.id - Is Poskota Down Right Now?
download film > 2024,https://techno.okezone.com/read/2024/01/16/54/2955666/link-download-film-mp4-gratis-kualitas-hd-legal,techno.okezone.com,Okezone.com - Is Okezone Down Right Now?
download film > 2024,https://poskota.co.id/2024/01/09/deretan-situs-download-film-terbaru-2024-gratis-subtitle-indonesia-selain-telegram-lk21-dan-indo-xxi,poskota.co.id,Poskota.co.id - Is Poskota Down Right Now?
download film > 2024,https://poskota.co.id/2024/01/12/wow-download-film-2024-gratis-bisa-dimana-saja-youtube-dan-website-lainnya,poskota.co.id,Poskota.co.id - Is Poskota Down Right Now?
download film > 2024,https://id.linkedin.com/pulse/download-yandex-ru-terbaru-2024-bebas-akses-film-panas-novita-sari-aynkc?trk=article-ssr-frontend-pulse_more-articles_related-content-card,id.linkedin.com,Id.linkedin.com - Is Id Down Right Now?
download film > 2024,http://173.212.244.248/2024/,173.212.244.248,Is It Down Right Now - 404 Not Found
download film > 2024,http://207.180.215.191/2024/,207.180.215.191,Is It Down Right Now - 404 Not Found
download film > 2024,https://158.220.81.89/tv/happy-birth-die-2024/,158.220.81.89,Is It Down Right Now - 404 Not Found
download film > 2024,https://www.vidio.com/@download,www.vidio.com,Vidio.com - Is Vidio Down Right Now?
download film > 2024,https://uat.byu.uk.com/mov/video-hd-migration-full-movie-in_0075.html,uat.byu.uk.com,Is It Down Right Now - 404 Not Found
download film > terupdate,http://179.43.163.54/,179.43.163.54,Is It Down Right Now - 404 Not Found
download film > terupdate,http://179.43.163.54/1000-film-terbaik-sepanjang-masa/,179.43.163.54,Is It Down Right Now - 404 Not Found
download film > terupdate,http://179.43.163.54/country/indonesia/,179.43.163.54,Is It Down Right Now - 404 Not Found
download film > terupdate,http://179.43.163.54/privacy/,179.43.163.54,Is It Down Right Now - 404 Not Found
download film > terupdate,https://www.suara.com/tekno/2023/02/02/175414/8-link-download-film-terbaru-gratis-dan-legal-pastinya-bukan-di-lk21-dan-rebahin,www.suara.com,Suara.com - Is Suara Down Right Now?
download film > terupdate,https://telset.id/ngehits/situs-nonton-film-online/,telset.id,Telset.id - Is Telset Down Right Now?
download film > terupdate,https://techno.okezone.com/read/2023/11/16/54/2921831/7-situs-download-film-gratis-sub-indo,techno.okezone.com,Okezone.com - Is Okezone Down Right Now?
download film > terupdate,https://jalantikus.com/ragam/website-download-film-gratis-tsai/,jalantikus.com,Jalantikus.com - Is Jalantikus Down Right Now?
download film > terupdate,https://165.232.85.56/tag/download-film/,165.232.85.56,Is It Down Right Now - 404 Not Found
download film > terupdate,https://teknoinside.com/situs-download-film/,teknoinside.com,Is It Down Right Now - 404 Not Found
